{
  "hash": "41ae2b61",
  "configHash": "3511361a",
  "lockfileHash": "75f2321b",
  "browserHash": "611d9f44",
  "optimized": {
    "@angular/core": {
      "src": "../../../../../../node_modules/@angular/core/fesm2022/core.mjs",
      "file": "@angular_core.js",
      "fileHash": "a8a6461c",
      "needsInterop": false
    },
    "@angular/platform-browser": {
      "src": "../../../../../../node_modules/@angular/platform-browser/fesm2022/platform-browser.mjs",
      "file": "@angular_platform-browser.js",
      "fileHash": "acd8eb45",
      "needsInterop": false
    },
    "@angular/router": {
      "src": "../../../../../../node_modules/@angular/router/fesm2022/router.mjs",
      "file": "@angular_router.js",
      "fileHash": "a061d05b",
      "needsInterop": false
    },
    "@angular/common": {
      "src": "../../../../../../node_modules/@angular/common/fesm2022/common.mjs",
      "file": "@angular_common.js",
      "fileHash": "dfc009c8",
      "needsInterop": false
    },
    "@angular/forms": {
      "src": "../../../../../../node_modules/@angular/forms/fesm2022/forms.mjs",
      "file": "@angular_forms.js",
      "fileHash": "5eb741b5",
      "needsInterop": false
    },
    "@angular/common/http": {
      "src": "../../../../../../node_modules/@angular/common/fesm2022/http.mjs",
      "file": "@angular_common_http.js",
      "fileHash": "5fd6779f",
      "needsInterop": false
    }
  },
  "chunks": {
    "chunk-44E6RDMB": {
      "file": "chunk-44E6RDMB.js"
    },
    "chunk-UU67A755": {
      "file": "chunk-UU67A755.js"
    },
    "chunk-GXYBOUXQ": {
      "file": "chunk-GXYBOUXQ.js"
    },
    "chunk-N4DX67WA": {
      "file": "chunk-N4DX67WA.js"
    }
  }
}